{"count":1,"self":245.19078399999998,"total":326.113941,"children":{"InitializeActuators":{"count":12,"self":0.0018039999999999998,"total":0.0018039999999999998,"children":null},"InitializeSensors":{"count":12,"self":0.0015249999999999999,"total":0.0015249999999999999,"children":null},"AgentSendState":{"count":13612,"self":0.098615,"total":0.508406,"children":{"CollectObservations":{"count":32700,"self":0.100241,"total":0.100241,"children":null},"WriteActionMask":{"count":32700,"self":0.015413,"total":0.015413,"children":null},"RequestDecision":{"count":32700,"self":0.049278999999999996,"total":0.294137,"children":{"AgentInfo.ToProto":{"count":32700,"self":0.071434,"total":0.244858,"children":{"GenerateSensorData":{"count":32700,"self":0.173424,"total":0.173424,"children":null}}}}}}},"DecideAction":{"count":13612,"self":79.4753472,"total":79.47534499999999,"children":null},"AgentAct":{"count":13612,"self":0.911875,"total":0.932855,"children":{"AgentInfo.ToProto":{"count":1674,"self":0.006565,"total":0.02098,"children":{"GenerateSensorData":{"count":1674,"self":0.014414999999999999,"total":0.014414999999999999,"children":null}}}}}},"gauges":{"3DBall.CumulativeReward":{"count":1674,"max":3.79999781,"min":1.1920929E-07,"runningAverage":0.923655748,"value":0.600000262,"weightedAverage":1.22828388}},"metadata":{"timer_format_version":"0.1.0","start_time_seconds":"1669039714","unity_version":"2021.3.13f1","command_line_arguments":"\/Users\/zero\/PycharmProjects\/link_rllib_example\/unity_env\/3DBall_Darwin.app\/Contents\/MacOS\/ML-agent_project --mlagents-port 5011","communication_protocol_version":"1.5.0","com.unity.ml-agents_version":"2.0.1","scene_name":"3DBall","end_time_seconds":"1669040040"}}